,Unnamed: 0,Rank,Name,City,State,Public/Private,Undergraduate Population,Student Population,Net Price,Average Grant Aid,Total Annual Cost,Alumni Salary,Acceptance Rate,SAT Lower,SAT Upper,ACT Lower,ACT Upper,Website,School Type,Starting Median Salary,Mid-Career Median Salary,Mid-Career 10th Percentile Salary,Mid-Career 25th Percentile Salary,Mid-Career 75th Percentile Salary,Mid-Career 90th Percentile Salary,Region,aboutLocation
0,0,1.0,Harvard University,Cambridge,MA,Private,13844.0,31120.0,14327.0,49870.0,69600.0,146800.0,5.0,1460.0,1590.0,32.0,35.0,www.harvard.edu,Ivy League,"$63,400.00","$124,000.00","$54,800.00","$86,200.00","$179,000.00","$288,000.00",Northeastern,https://wikitravel.org/en/Cambridge_(Massachusetts)
1,1,3.0,Yale University,New Haven,CT,Private,6483.0,12974.0,18627.0,50897.0,71290.0,138300.0,7.0,1460.0,1580.0,32.0,35.0,www.yale.edu,Ivy League,"$59,100.00","$126,000.00","$58,000.00","$80,600.00","$198,000.00","$326,000.00",Northeastern,https://wikitravel.org/en/New_Haven
2,2,5.0,Princeton University,Princeton,NJ,Private,5659.0,8273.0,9327.0,48088.0,66150.0,139400.0,6.0,1430.0,1570.0,31.0,35.0,www.princeton.edu,Ivy League,"$66,500.00","$131,000.00","$68,900.00","$100,000.00","$190,000.00","$261,000.00",Northeastern,https://wikitravel.org/en/Princeton
3,3,6.0,University of Pennsylvania,Philadelphia,PA,Private,13437.0,25367.0,24242.0,44801.0,71715.0,133900.0,9.0,1420.0,1560.0,32.0,35.0,www.upenn.edu,Ivy League,"$60,900.00","$120,000.00","$55,900.00","$79,200.00","$192,000.00","$282,000.00",Northeastern,https://wikitravel.org/en/Philadelphia
4,4,7.0,Brown University,Providence,RI,Private,7390.0,10095.0,30205.0,42455.0,71050.0,127600.0,8.0,1405.0,1570.0,31.0,35.0,www.brown.edu,Ivy League,"$56,200.00","$109,000.00","$55,400.00","$74,400.00","$159,000.00","$228,000.00",Northeastern,https://wikitravel.org/en/Providence
5,5,10.0,Dartmouth College,Hanover,NH,Private,4693.0,6509.0,30421.0,47171.0,71827.0,130900.0,10.0,1430.0,1560.0,30.0,34.0,www.dartmouth.edu,Ivy League,"$58,000.00","$134,000.00","$63,100.00","$90,200.00","$234,000.00","$321,000.00",Northeastern,https://wikitravel.org/en/Hanover_(New_Hampshire)
6,6,11.0,Cornell University,Ithaca,NY,Private,14774.0,23016.0,31230.0,36164.0,70321.0,128200.0,13.0,1390.0,1550.0,31.0,34.0,www.cornell.edu,Ivy League,"$60,300.00","$110,000.00","$56,800.00","$79,800.00","$160,000.00","$210,000.00",Northeastern,https://wikitravel.org/en/Ithaca_(New_York)
7,7,12.0,Pomona College,Claremont,CA,Private,1599.0,1665.0,15840.0,48930.0,69725.0,117200.0,8.0,1370.0,1530.0,30.0,34.0,www.pomona.edu,Liberal Arts,"$48,600.00","$101,000.00",,"$63,300.00","$161,000.00",,California,https://wikitravel.org/en/Claremont_(California)
8,8,13.0,"University of California, Berkeley",Berkeley,CA,Public,31133.0,41891.0,15859.0,18319.0,65003.0,131800.0,17.0,1260.0,1480.0,30.0,34.0,www.berkeley.edu,State,"$59,900.00","$112,000.00","$59,500.00","$81,000.00","$149,000.00","$201,000.00",California,https://wikitravel.org/en/Berkeley_(California)
9,9,14.0,Columbia University,New York,NY,Private,8523.0,30454.0,24231.0,49185.0,74199.0,126800.0,7.0,1410.0,1570.0,31.0,34.0,www.columbia.edu,Ivy League,"$59,400.00","$107,000.00","$50,300.00","$71,900.00","$161,000.00","$241,000.00",Northeastern,https://wikitravel.org/en/New_York_City
10,10,19.0,Williams College,Williamstown,MA,Private,2134.0,2227.0,22667.0,48050.0,70650.0,127500.0,15.0,1400.0,1570.0,31.0,35.0,www.williams.edu,Liberal Arts,"$51,700.00","$102,000.00",,"$76,400.00","$143,000.00",,Northeastern,https://wikitravel.org/en/Williamstown_(Massachusetts)
11,11,23.0,Harvey Mudd College,Claremont,CA,Private,847.0,861.0,34464.0,33782.0,74428.0,158200.0,15.0,1470.0,1570.0,33.0,35.0,www.hmc.edu,Engineering,"$71,800.00","$122,000.00",,"$96,000.00","$180,000.00",,California,https://wikitravel.org/en/Claremont_(California)
12,12,25.0,Swarthmore College,Swarthmore,PA,Private,1577.0,1630.0,20511.0,46105.0,68846.0,123200.0,11.0,1380.0,1540.0,31.0,34.0,www.swarthmore.edu,Liberal Arts,"$49,700.00","$104,000.00",,"$67,200.00","$167,000.00",,Northeastern,https://wikitravel.org/en/Swarthmore
13,13,26.0,Bowdoin College,Brunswick,ME,Private,1816.0,1965.0,22810.0,41143.0,68070.0,112000.0,14.0,,,,,www.bowdoin.edu,Liberal Arts,"$48,100.00","$107,000.00",,"$74,600.00","$146,000.00",,Northeastern,https://wikitravel.org/en/Brunswick_(Maine)
14,14,28.0,Amherst College,Amherst,MA,Private,1836.0,1945.0,22463.0,49467.0,71300.0,116500.0,13.0,1400.0,1560.0,32.0,34.0,www.amherst.edu,Liberal Arts,"$54,500.00","$107,000.00",,"$84,900.00","$162,000.00",,Northeastern,https://wikitravel.org/en/Amherst_(Massachusetts)
15,15,36.0,Middlebury College,Middlebury,VT,Private,2591.0,3855.0,26075.0,43491.0,69464.0,109800.0,17.0,1320.0,1510.0,30.0,34.0,www.middlebury.edu,Liberal Arts,"$47,700.00","$94,200.00",,"$69,100.00","$129,000.00",,Northeastern,https://wikitravel.org/en/Middlebury_(Vermont)
16,16,39.0,Bates College,Lewiston,ME,Private,1787.0,1905.0,25192.0,43238.0,68870.0,111900.0,22.0,,,,,bates.edu,Liberal Arts,"$47,300.00","$96,500.00",,"$60,700.00","$162,000.00",,Northeastern,https://wikitravel.org/en/Lewiston
17,17,42.0,Washington and Lee University,Lexington,VA,Private,1855.0,2220.0,24761.0,39671.0,65950.0,123200.0,22.0,1350.0,1490.0,31.0,33.0,www.wlu.edu,Liberal Arts,"$53,600.00","$104,000.00",,"$82,800.00","$146,000.00",,Southern,https://wikitravel.org/en/Waynesboro
18,18,44.0,Wellesley College,Wellesley,MA,Private,2508.0,2688.0,23188.0,45777.0,69034.0,106200.0,22.0,1360.0,1530.0,30.0,33.0,www.wellesley.edu,Liberal Arts,"$42,800.00","$83,500.00",,"$58,600.00","$125,000.00",,Northeastern,https://wikitravel.org/en/Wellesley
19,19,46.0,Colgate University,Hamilton,NY,Private,2894.0,3025.0,23310.0,45108.0,69860.0,130600.0,28.0,1310.0,1500.0,31.0,33.0,www.colgate.edu,Liberal Arts,"$52,800.00","$108,000.00","$60,000.00","$76,700.00","$167,000.00","$265,000.00",Northeastern,https://wikitravel.org/en/Syracuse_(New_York)
20,20,48.0,Davidson College,Davidson,NC,Private,1810.0,1959.0,21206.0,36359.0,66678.0,106900.0,20.0,1310.0,1470.0,30.0,33.0,www.davidson.edu,Liberal Arts,"$46,100.00","$104,000.00",,"$70,500.00","$146,000.00",,Southern,https://wikitravel.org/en/Davidson
21,21,52.0,Carleton College,Northfield,MN,Private,2078.0,2155.0,27898.0,38342.0,68835.0,109900.0,21.0,1360.0,1530.0,31.0,34.0,www.carleton.edu,Liberal Arts,"$47,500.00","$103,000.00",,"$69,400.00","$141,000.00",,Midwestern,https://wikitravel.org/en/Northfield_(Minnesota)
22,22,57.0,Lafayette College,Easton,PA,Private,2569.0,2594.0,30820.0,39957.0,68640.0,122500.0,31.0,1260.0,1440.0,28.0,31.0,www.lafayette.edu,Liberal Arts,"$53,900.00","$107,000.00","$70,600.00","$79,300.00","$144,000.00","$204,000.00",Northeastern,https://wikitravel.org/en/Easton
23,23,58.0,Cooper Union,New York,NY,Private,921.0,946.0,14564.0,32452.0,65045.0,126200.0,13.0,1310.0,1530.0,28.0,34.0,cooper.edu,Engineering,"$62,200.00","$114,000.00",,"$80,200.00","$142,000.00",,Northeastern,https://wikitravel.org/en/New_York_City
24,24,59.0,Hamilton College,Clinton,NY,Private,1901.0,2043.0,24140.0,43611.0,67670.0,108100.0,24.0,1360.0,1510.0,31.0,33.0,www.hamilton.edu/index.cfm,Liberal Arts,"$49,200.00","$83,700.00",,"$51,900.00","$123,000.00",,Northeastern,https://wikitravel.org/en/Clinton_(New_York)
25,25,61.0,Vassar College,Poughkeepsie,NY,Private,2353.0,2572.0,23687.0,44517.0,70370.0,100100.0,24.0,1330.0,1500.0,30.0,33.0,www.vassar.edu,Liberal Arts,"$46,000.00","$94,600.00",,"$60,600.00","$123,000.00",,Northeastern,https://wikitravel.org/en/Poughkeepsie
26,26,63.0,"University of Maryland, College Park",College Park,MD,Public,32022.0,40521.0,18517.0,8955.0,49698.0,113400.0,45.0,1280.0,1470.0,29.0,33.0,www.umd.edu,Party,"$52,000.00","$95,000.00","$50,400.00","$68,300.00","$126,000.00","$166,000.00",Southern,https://wikitravel.org/en/College_Park_(Maryland)
28,28,65.0,Georgia Institute of Technology,Atlanta,GA,Public,17223.0,29376.0,13291.0,12779.0,49366.0,133400.0,23.0,1090.0,1520.0,30.0,34.0,www.gatech.edu,Engineering,"$58,300.00","$106,000.00","$67,200.00","$85,200.00","$137,000.00","$183,000.00",Southern,https://wikitravel.org/en/Atlanta
29,29,73.0,Bucknell University,Lewisburg,PA,Private,3678.0,3740.0,40976.0,29783.0,70125.0,122900.0,31.0,1250.0,1420.0,28.0,31.0,www.bucknell.edu,Liberal Arts,"$54,100.00","$110,000.00","$62,800.00","$80,600.00","$156,000.00","$251,000.00",Northeastern,https://wikitravel.org/en/Lewisburg_(Pennsylvania)
30,30,75.0,Colby College,Waterville,ME,Private,1917.0,2032.0,20739.0,45463.0,68582.0,103300.0,16.0,1340.0,1500.0,31.0,33.0,www.colby.edu,Liberal Arts,"$46,400.00","$85,800.00",,"$63,500.00","$129,000.00",,Northeastern,https://wikitravel.org/en/Waterville_(Maine)
31,31,77.0,College of the Holy Cross,Worcester,MA,Private,2806.0,2855.0,34159.0,36963.0,66220.0,114600.0,40.0,,,,,www.holycross.edu,Liberal Arts,"$50,200.00","$106,000.00",,"$65,600.00","$143,000.00",,Northeastern,https://wikitravel.org/en/Worcester_(Massachusetts)
32,32,80.0,Grinnell College,Grinnell,IA,Private,1712.0,1765.0,22844.0,33946.0,66214.0,96500.0,29.0,1310.0,1510.0,30.0,34.0,www.grinnell.edu,Liberal Arts,"$42,600.00","$76,600.00",,"$65,100.00","$116,000.00",,Midwestern,https://wikitravel.org/en/Grinnell
33,33,81.0,Smith College,Northampton,MA,Private,2594.0,2918.0,24829.0,39913.0,69563.0,98200.0,32.0,,,,,www.smith.edu,Liberal Arts,"$44,000.00","$83,900.00","$45,100.00","$59,800.00","$129,000.00","$184,000.00",Northeastern,https://wikitravel.org/en/Northampton_(Massachusetts)
34,34,83.0,University of Richmond,Richmond,VA,Private,3815.0,4023.0,26264.0,38394.0,64890.0,107500.0,33.0,1270.0,1460.0,29.0,32.0,www.richmond.edu,Liberal Arts,"$48,600.00","$94,600.00","$44,500.00","$59,400.00","$151,000.00","$211,000.00",Southern,https://wikitravel.org/en/Richmond
35,35,85.0,Oberlin College,Oberlin,OH,Private,2853.0,3030.0,31331.0,28876.0,71330.0,96800.0,34.0,1280.0,1450.0,28.0,33.0,www.oberlin.edu,Liberal Arts,"$43,400.00","$81,600.00",,"$46,400.00","$128,000.00",,Midwestern,https://wikitravel.org/en/Oberlin
36,36,88.0,"University of California, Davis",Davis,CA,Public,31437.0,37380.0,15737.0,18690.0,63743.0,112600.0,43.0,1130.0,1360.0,25.0,32.0,www.ucdavis.edu,State,"$52,300.00","$99,600.00","$52,000.00","$71,600.00","$135,000.00","$202,000.00",California,https://wikitravel.org/en/Davis_(California)
37,37,89.0,Whitman College,Walla Walla,WA,Private,1510.0,1574.0,43488.0,23828.0,64504.0,102600.0,52.0,1140.0,1380.0,28.0,32.0,www.whitman.edu,Liberal Arts,"$43,500.00","$80,100.00",,"$64,800.00","$111,000.00",,Western,https://wikitravel.org/en/Walla_Walla
38,38,94.0,Colorado School of Mines,Golden,CO,Public,4811.0,6209.0,25710.0,10725.0,52698.0,139600.0,56.0,1310.0,1450.0,28.0,32.0,www.mines.edu,Engineering,"$58,100.00","$106,000.00","$62,200.00","$87,900.00","$142,000.00","$201,000.00",Western,https://wikitravel.org/en/Golden_(Colorado)
39,39,101.0,Skidmore College,Saratoga Springs,NY,Private,2684.0,2835.0,27410.0,41746.0,69450.0,99700.0,25.0,1205.0,1400.0,27.0,31.0,www.skidmore.edu,Liberal Arts,"$41,600.00","$74,600.00",,"$42,800.00","$147,000.00",,Northeastern,https://wikitravel.org/en/Saratoga_Springs
40,40,102.0,Occidental College,Los Angeles,CA,Private,1972.0,2123.0,29211.0,35704.0,71756.0,105700.0,42.0,1280.0,1440.0,27.0,32.0,www.oxy.edu,Liberal Arts,"$51,900.00","$105,000.00",,"$54,800.00","$157,000.00",,California,https://wikitravel.org/en/Los_Angeles
41,41,105.0,Reed College,Portland,OR,Private,1470.0,1490.0,31815.0,35130.0,69820.0,104900.0,36.0,1310.0,1500.0,30.0,33.0,www.reed.edu,Liberal Arts,"$40,500.00","$81,100.00",,"$67,400.00","$101,000.00",,Western,https://wikitravel.org/en/Portland_(Oregon)
42,42,114.0,Franklin and Marshall College,Lancaster,PA,Private,2283.0,2440.0,27531.0,43377.0,70430.0,109700.0,34.0,,,,,fandm.edu,Liberal Arts,"$49,100.00","$92,800.00",,"$55,800.00","$185,000.00",,Northeastern,https://wikitravel.org/en/Lancaster_(Pennsylvania)
43,43,116.0,St. Olaf College,Northfield,MN,Private,3035.0,3137.0,24250.0,28573.0,58330.0,101900.0,43.0,1150.0,1400.0,25.0,31.0,wp.stolaf.edu,Liberal Arts,"$45,300.00","$86,200.00","$41,300.00","$61,000.00","$120,000.00","$185,000.00",Midwestern,https://wikitravel.org/en/Northfield_(Minnesota)
44,44,118.0,Purdue University,West Lafayette,IN,Public,32534.0,42699.0,13746.0,10703.0,41614.0,110000.0,57.0,1150.0,1380.0,25.0,31.0,www.purdue.edu,State,"$51,400.00","$90,500.00","$49,900.00","$67,400.00","$121,000.00","$168,000.00",Midwestern,https://wikitravel.org/en/Lafayette_(Indiana)
45,45,123.0,Rutgers University,New Brunswick,NJ,Public,40523.0,49577.0,20379.0,13896.0,47518.0,111000.0,58.0,1190.0,1400.0,,,www.rutgers.edu,State,"$50,300.00","$91,800.00","$48,100.00","$65,100.00","$128,000.00","$176,000.00",Northeastern,https://wikitravel.org/en/New_Brunswick_(New_Jersey)
46,46,132.0,DePauw University,Greencastle,IN,Private,2158.0,2253.0,22323.0,31570.0,62567.0,101000.0,67.0,1110.0,1330.0,24.0,29.0,www.depauw.edu,Liberal Arts,"$41,400.00","$88,300.00","$49,500.00","$57,400.00","$133,000.00","$185,000.00",Midwestern,https://wikitravel.org/en/Indianapolis
47,47,134.0,Clemson University,Clemson,SC,Public,19506.0,24387.0,17696.0,10296.0,50516.0,106700.0,47.0,1220.0,1390.0,27.0,31.0,www.clemson.edu,State,"$48,400.00","$86,000.00","$50,500.00","$61,800.00","$111,000.00","$150,000.00",Southern,https://wikitravel.org/en/Clemson
48,48,137.0,Mount Holyoke College,South Hadley,MA,Private,2334.0,2393.0,26239.0,31370.0,63900.0,92100.0,51.0,1270.0,1463.0,29.0,33.0,www.mtholyoke.edu,Liberal Arts,"$42,400.00","$94,100.00",,"$57,100.00","$131,000.00",,Northeastern,https://wikitravel.org/en/South_Hadley
49,49,138.0,Gettysburg College,Gettysburg,PA,Private,2411.0,2615.0,27597.0,29795.0,66710.0,109300.0,46.0,,,,,www.gettysburg.edu,Liberal Arts,"$44,700.00","$85,800.00",,"$66,300.00","$132,000.00",,Northeastern,https://wikitravel.org/en/Gettysburg
50,50,147.0,University of Delaware,Newark,DE,Public,20550.0,23774.0,16892.0,8798.0,47782.0,105400.0,63.0,1130.0,1330.0,25.0,29.0,www.udel.edu,State,"$45,900.00","$84,500.00","$44,500.00","$64,000.00","$119,000.00","$165,000.00",Southern,https://wikitravel.org/en/Newark_(Delaware)
51,51,152.0,Stevens Institute of Technology,Hoboken,NJ,Private,3144.0,6916.0,36620.0,25762.0,67204.0,139900.0,44.0,1320.0,1470.0,29.0,33.0,www.stevens.edu/sit,Engineering,"$60,600.00","$105,000.00","$68,700.00","$81,900.00","$138,000.00","$185,000.00",Northeastern,https://wikitravel.org/en/Hoboken
52,52,153.0,Denison University,Granville,OH,Private,2290.0,2341.0,24808.0,30783.0,64970.0,104800.0,37.0,1200.0,1380.0,28.0,31.0,denison.edu,Liberal Arts,"$42,000.00","$83,500.00",,"$62,100.00","$122,000.00",,Midwestern,https://wikitravel.org/en/Granville_(Ohio)
53,53,166.0,Auburn University,Auburn,AL,Public,23846.0,29776.0,23416.0,9030.0,49954.0,104500.0,84.0,1130.0,1310.0,24.0,30.0,www.auburn.edu,State,"$45,400.00","$84,700.00","$45,400.00","$62,700.00","$109,000.00","$145,000.00",Southern,https://wikitravel.org/en/Auburn_(Alabama)
54,54,173.0,University of Puget Sound,Tacoma,WA,Private,2545.0,2701.0,37074.0,21534.0,63510.0,101300.0,84.0,,,,,www.pugetsound.edu,Liberal Arts,"$46,600.00","$81,500.00","$48,900.00","$60,100.00","$104,000.00","$137,000.00",Western,https://wikitravel.org/en/Tacoma
55,55,177.0,George Mason University,Fairfax,VA,Public,32249.0,35984.0,19779.0,8567.0,51672.0,105700.0,81.0,1100.0,1290.0,24.0,30.0,www.gmu.edu,State,"$47,800.00","$86,900.00","$51,300.00","$67,200.00","$114,000.00","$150,000.00",Southern,https://wikitravel.org/en/Fairfax_(Virginia)
56,56,187.0,University of Utah,Salt Lake City,UT,Public,28686.0,32800.0,13728.0,7990.0,42916.0,102600.0,66.0,1110.0,1350.0,22.0,29.0,www.utah.edu,State,"$45,400.00","$83,200.00","$43,000.00","$58,400.00","$116,000.00","$148,000.00",Western,https://wikitravel.org/en/Salt_Lake_City
57,57,191.0,University of Oregon,Eugene,OR,Public,22400.0,22887.0,15693.0,8662.0,49542.0,95800.0,83.0,1080.0,1270.0,22.0,28.0,www.uoregon.edu,State,"$42,200.00","$78,400.00","$38,100.00","$56,200.00","$117,000.00","$186,000.00",Western,https://wikitravel.org/en/Eugene
58,58,201.0,University of South Carolina,Columbia,SC,Public,26791.0,34731.0,19519.0,5792.0,47162.0,89900.0,72.0,1170.0,1330.0,25.0,30.0,www.sc.edu,State,"$40,000.00","$71,700.00","$36,300.00","$49,900.00","$98,400.00","$131,000.00",Southern,https://wikitravel.org/en/Columbia_(South_Carolina)
59,59,211.0,Iowa State University,Ames,IA,Public,32814.0,36158.0,14331.0,7882.0,34442.0,101300.0,89.0,1160.0,1410.0,22.0,28.0,www.iastate.edu,State,"$45,400.00","$84,600.00","$44,400.00","$60,000.00","$109,000.00","$147,000.00",Midwestern,https://wikitravel.org/en/Ames
60,60,214.0,Gustavus Adolphus College,St. Peter,MN,Private,2181.0,2263.0,20050.0,24333.0,55800.0,96800.0,68.0,,,,,gustavus.edu,Liberal Arts,"$44,500.00","$80,600.00",,"$49,300.00","$101,000.00",,Midwestern,https://wikitravel.org/en/Mankato
61,61,218.0,University of Arizona,Tucson,AZ,Public,36862.0,43751.0,14744.0,11272.0,51707.0,101000.0,84.0,,,,,www.arizona.edu,State,"$47,500.00","$86,100.00","$44,800.00","$61,700.00","$117,000.00","$160,000.00",Western,https://wikitravel.org/en/Tucson
62,62,258.0,Western Washington University,Bellingham,WA,Public,15915.0,16246.0,16220.0,6500.0,38067.0,99300.0,85.0,1080.0,1280.0,22.0,28.0,www.wwu.edu,State,"$42,700.00","$75,400.00","$41,300.00","$56,700.00","$99,200.00","$119,000.00",Western,https://wikitravel.org/en/Bellingham_(Washington)
63,63,260.0,University of Kansas,Lawrence,KS,Public,20894.0,27625.0,18814.0,9205.0,41074.0,98600.0,93.0,,,23.0,28.0,www.ku.edu,State,"$42,400.00","$81,600.00","$44,800.00","$57,200.00","$115,000.00","$156,000.00",Midwestern,https://wikitravel.org/en/Lawrence_(Kansas)
64,64,269.0,Juniata College,Huntingdon,PA,Private,1495.0,1638.0,24795.0,29639.0,58165.0,93100.0,71.0,,,,,www.juniata.edu,Liberal Arts,"$41,800.00","$78,900.00",,"$67,200.00","$110,000.00",,Northeastern,https://wikitravel.org/en/Huntingdon_Valley
65,65,271.0,University of Arkansas,Fayetteville,AR,Public,24344.0,27558.0,16069.0,6629.0,40162.0,98000.0,66.0,1110.0,1280.0,23.0,29.0,www.uark.edu,State,"$44,100.00","$82,800.00","$43,200.00","$60,700.00","$113,000.00","$160,000.00",Southern,https://wikitravel.org/en/Fayetteville_(Arkansas)
66,66,285.0,Siena College,Loudonville,NY,Private,3226.0,3288.0,27588.0,24332.0,53855.0,101500.0,78.0,,,,,www.siena.edu/pages/1.asp,Liberal Arts,"$45,500.00","$85,200.00","$38,700.00","$58,400.00","$129,000.00","$189,000.00",Northeastern,https://wikitravel.org/en/Albany_(New_York)
67,67,296.0,Ursinus College,Collegeville,PA,Private,1507.0,1576.0,29219.0,32962.0,66242.0,101800.0,78.0,1110.0,1310.0,24.0,30.0,www.ursinus.edu,Liberal Arts,"$42,100.00","$80,000.00","$35,600.00","$54,300.00","$100,000.00","$160,000.00",Northeastern,https://wikitravel.org/en/Collegeville
68,68,305.0,Appalachian State University,Boone,NC,Public,17811.0,18811.0,13691.0,8312.0,33819.0,82700.0,70.0,1100.0,1270.0,23.0,27.0,www.appstate.edu,State,"$40,400.00","$69,100.00","$37,200.00","$50,400.00","$90,800.00","$115,000.00",Southern,https://wikitravel.org/en/Boone
69,69,340.0,Illinois State University,Normal,IL,Public,20115.0,20784.0,21345.0,9124.0,40036.0,95000.0,89.0,,,21.0,26.0,www.illinoisstate.edu,State,"$42,000.00","$73,400.00","$39,100.00","$55,200.00","$105,000.00","$142,000.00",Midwestern,https://wikitravel.org/en/Bloomington-Normal
70,70,355.0,Wentworth Institute of Technology,Boston,MA,Private,4457.0,4543.0,36690.0,13455.0,54071.0,112700.0,92.0,1080.0,1270.0,22.0,28.0,wit.edu,Engineering,"$53,000.00","$96,700.00","$55,200.00","$74,000.00","$117,000.00","$153,000.00",Northeastern,https://wikitravel.org/en/Boston
71,71,358.0,Oklahoma State University,Stillwater,OK,Public,23241.0,25295.0,14824.0,9874.0,38686.0,98600.0,74.0,1070.0,1260.0,22.0,28.0,okstate.edu,State,"$42,800.00","$80,700.00","$40,100.00","$56,500.00","$114,000.00","$151,000.00",Southern,https://wikitravel.org/en/Stillwater_(Oklahoma)
72,72,399.0,University of North Dakota,Grand Forks,ND,Public,13957.0,14406.0,15056.0,4640.0,33017.0,96000.0,83.0,1050.0,1270.0,21.0,26.0,und.edu,State,"$44,000.00","$80,600.00","$43,400.00","$56,400.00","$111,000.00","$157,000.00",Midwestern,https://wikitravel.org/en/Grand_Forks
73,73,401.0,University of Mississippi,University,MS,Public,20940.0,23136.0,13929.0,9642.0,40086.0,89100.0,84.0,1070.0,1290.0,22.0,29.0,www.olemiss.edu,Party,"$41,400.00","$79,700.00","$40,400.00","$53,500.00","$108,000.00","$186,000.00",Southern,https://wikitravel.org/en/University_City_(Missouri)
75,75,435.0,University of Idaho,Moscow,ID,Public,11344.0,12072.0,14354.0,6993.0,37624.0,97700.0,73.0,1010.0,1230.0,20.0,26.0,www.uidaho.edu,State,"$44,900.00","$82,000.00","$43,000.00","$56,700.00","$104,000.00","$142,000.00",Western,https://wikitravel.org/en/Moscow_(Idaho)
76,76,438.0,Ohio University,Athens,OH,Public,26467.0,29369.0,20853.0,6291.0,36706.0,93300.0,74.0,1080.0,1260.0,22.0,26.0,www.ohio.edu,Party,"$42,200.00","$73,400.00","$36,600.00","$52,800.00","$106,000.00","$150,000.00",Midwestern,https://wikitravel.org/en/Athens_(Ohio)
78,78,440.0,Moravian College,Bethlehem,PA,Private,2195.0,2446.0,26838.0,25900.0,57868.0,95300.0,76.0,1010.0,1210.0,21.0,27.0,www.moravian.edu,Liberal Arts,"$42,500.00","$74,400.00",,"$56,700.00","$94,900.00",,Northeastern,https://wikitravel.org/en/Bethlehem_(Pennsylvania)
79,79,445.0,Utah State University,Logan,UT,Public,27679.0,29784.0,13279.0,8145.0,33264.0,93900.0,89.0,1000.0,1220.0,21.0,27.0,www.usu.edu,State,"$43,800.00","$78,700.00","$41,600.00","$55,400.00","$101,000.00","$132,000.00",Western,https://wikitravel.org/en/Logan_(Utah)
80,80,470.0,Wittenberg University,Springfield,OH,Private,1884.0,2053.0,24263.0,26135.0,52056.0,105400.0,72.0,,,,,www.wittenberg.edu,Liberal Arts,"$39,200.00","$78,200.00",,"$54,100.00","$131,000.00",,Midwestern,https://wikitravel.org/en/Springfield_(Ohio)
81,81,486.0,Tennessee Technological University,Cookeville,TN,Public,10215.0,10504.0,14813.0,9050.0,42377.0,95100.0,64.0,1010.0,1250.0,21.0,28.0,www.tntech.edu,Engineering,"$46,200.00","$80,000.00","$42,100.00","$62,600.00","$99,500.00","$121,000.00",Southern,https://wikitravel.org/en/Cookeville
82,82,513.0,Georgia State University,Atlanta,GA,Public,29773.0,32816.0,15506.0,10090.0,40873.0,90800.0,70.0,1040.0,1220.0,19.0,26.0,www.gsu.edu,State,"$41,800.00","$74,000.00","$43,000.00","$55,300.00","$99,900.00","$145,000.00",Southern,https://wikitravel.org/en/Atlanta
84,84,575.0,Randolph-Macon College,Ashland,VA,Private,1453.0,1491.0,25621.0,25338.0,54180.0,,62.0,1050.0,1233.0,21.0,27.0,www.rmc.edu,Liberal Arts,"$42,600.00","$83,600.00",,"$54,100.00","$123,000.00",,Southern,https://wikitravel.org/en/Richmond
85,85,591.0,Bowling Green State University,Bowling Green,OH,Public,16592.0,17357.0,19128.0,6542.0,32105.0,87500.0,73.0,990.0,1230.0,19.0,24.0,www.bgsu.edu,State,"$39,800.00","$72,100.00","$38,200.00","$51,800.00","$101,000.00","$146,000.00",Midwestern,https://wikitravel.org/en/Bowling_Green_(Ohio)
86,86,601.0,Wayne State University,Detroit,MI,Public,20314.0,27064.0,12970.0,9682.0,40763.0,91700.0,67.0,1000.0,1210.0,21.0,28.0,wayne.edu,State,"$42,800.00","$76,100.00","$40,100.00","$56,200.00","$101,000.00","$139,000.00",Midwestern,https://wikitravel.org/en/Detroit
87,87,609.0,University of Toledo,Toledo,OH,Public,18077.0,20579.0,13832.0,8050.0,34375.0,92500.0,94.0,1020.0,1240.0,20.0,26.0,www.utoledo.edu,State,"$43,100.00","$75,900.00","$40,100.00","$54,100.00","$100,000.00","$133,000.00",Midwestern,https://wikitravel.org/en/Toledo_(Ohio)
88,88,610.0,University of Montana,Missoula,MT,Public,11671.0,11865.0,15006.0,5404.0,38356.0,87800.0,93.0,1060.0,1270.0,21.0,26.0,www.umt.edu,State,"$37,300.00","$71,900.00","$37,000.00","$51,500.00","$96,400.00","$138,000.00",Western,https://wikitravel.org/en/Missoula
89,89,622.0,Cleveland State University,Cleveland,OH,Public,14594.0,16371.0,16582.0,7096.0,30825.0,88600.0,90.0,990.0,1210.0,19.0,25.0,www.csuohio.edu,State,"$43,500.00","$73,100.00","$39,500.00","$51,600.00","$97,000.00","$137,000.00",Midwestern,https://wikitravel.org/en/Cleveland
90,90,623.0,Humboldt State University,Arcata,CA,Public,8525.0,8602.0,14490.0,9038.0,36601.0,89000.0,82.0,960.0,1160.0,18.0,24.0,www.humboldt.edu,State,"$42,600.00","$71,300.00","$36,000.00","$56,300.00","$94,400.00","$117,000.00",California,https://wikitravel.org/en/Arcata
91,91,629.0,Southern Illinois University Carbondale,Carbondale,IL,Public,13518.0,14554.0,17175.0,10924.0,42770.0,90900.0,76.0,920.0,1330.0,20.0,26.0,siu.edu,State,"$43,000.00","$72,500.00","$38,300.00","$51,300.00","$99,300.00","$139,000.00",Midwestern,https://wikitravel.org/en/Carbondale_(Illinois)
92,92,635.0,"University of Alaska, Anchorage",Anchorage,AK,Public,15733.0,23824.0,13378.0,6207.0,39902.0,101000.0,83.0,,,,,www.uaa.alaska.edu,State,"$45,900.00","$72,600.00","$39,800.00","$56,600.00","$99,300.00","$137,000.00",Western,https://wikitravel.org/en/Anchorage
93,93,636.0,Fort Lewis College,Durango,CO,Public,3332.0,3925.0,17705.0,10850.0,36843.0,82600.0,83.0,1020.0,1210.0,20.0,25.0,www.fortlewis.edu,Liberal Arts,"$42,000.00","$69,800.00",,"$55,000.00","$94,000.00",,Western,https://wikitravel.org/en/Durango_(Colorado)
94,94,646.0,New Mexico State University,Las Cruces,NM,Public,13379.0,14432.0,8625.0,9582.0,34720.0,96700.0,64.0,910.0,1160.0,18.0,23.0,www.nmsu.edu,State,"$44,300.00","$79,500.00","$37,400.00","$53,800.00","$102,000.00","$131,000.00",Western,https://wikitravel.org/en/Las_Cruces
